Vandalism,Revert,Paraphrase,Spelling/Grammar,Relocation,Markup-Inserion,Markup-Deletion,Markup-Modification,Information-Insertion,Information-Deletion,Information-Modification,File-Insertion,File-Deletion,File-Modification,Reference-Insertion,Reference-Deletion,Reference-Modification,Template-Insertion,Template-Deletion,Template-Modification
"Einstein’s key insight was

Einstein’s cheese master insight was",,"denominations like the

denominations such as the","in the Ireland

in Ireland","... --> {{ChineseText}} [[Category …

... --> {{ChineseText}} [[Category …","an infant Parasaurolophus

an infant ""Parasaurolophus""","""AcDec""'

""AcDec"""," === The geometry of gravitation ===

 === The geometry of gravitation ===","effects were tested by

effects were both tested by","it is not a sacrament

it is a sacrament","open steppes of Kashmir and Siberia.

open steppes of Kashmir and Manchuria.","[[File:Dholeskull.jpg|...]]

","

[[File:Dholeskull.jpg|...]]","{{Infobox...|image=UMCLogo.svg... }}

{{Infobox...|image=UMCLogo.xml... }}","


[[sl:Erlang]]","[[spondee]]

","[[molar]]

[[molar (tooth)|molar]]","


{{cite book|... }}","{{clear}}

","{{Unit m|2|1}}

{{Convert|2|m|ft|1}}"
