Paraphrase,Dynamic Update,Emotionalism,Neutralization,Forward Reference,Personalization,Citation,Concision,Elaboration
,"The Latest: UN: 38,000 Palestinians displaced in Gaza

The Latest: Biden expresses ’support’ for Gaza cease-fire","MAGA 2.0

“A new bargain”: Biden’s 2024 tease bets big on nostalgia","Raul Castro confirms he’s resigning, ending long era in Cuba

Raul Castro resigns as Communist chief, ending era in Cuba","Fourth stimulus check update: Your next payment could be these

Fourth stimulus check? These payments are already in the pipeline","Watch Jeff Bezos’ ‘Blue Origin’ launch into space live today

Everything you need to know as Jeff Bezos’ ‘Blue Origin’ launches into space today","Afghan guard killed: Firefight leaves at least one dead and others injured at Kabul airport

’It would be better to die under Taliban rule than face airport crush’, say US embassy’s ’betrayed’ Afghan staff","Senator Capito says Republicans plan new US infrastructure offer

U.S. Senate Republicans prepare new infrastructure offer","23 Amazing Jokes From Hot Fuzz

23 Jokes From ""Hot Fuzz"" That Humans Will Laugh At For The Next 10,000 Years"
